{
  "baseline": {
    "cpu_model": "486",
    "num_cpus": 1,
    "samples": 3,
    "boot_times_ms": [
      180017.3420906067,
      180021.86965942383,
      180024.96147155762
    ],
    "mean_ms": 180021.3910738627,
    "median_ms": 180021.86965942383,
    "stdev_ms": 3.8321697017906224,
    "min_ms": 180017.3420906067,
    "max_ms": 180024.96147155762
  },
  "multiprocessor": {
    "486": {
      "1": {
        "mean_ms": 180025.26199817657,
        "median_ms": 180025.26199817657,
        "stdev_ms": 0.44962257991421756,
        "min_ms": 180024.94406700134,
        "max_ms": 180025.5799293518,
        "samples": [
          180025.5799293518,
          180024.94406700134
        ]
      },
      "2": {
        "mean_ms": 180023.81587028503,
        "median_ms": 180023.81587028503,
        "stdev_ms": 0.13048664298972792,
        "min_ms": 180023.72360229492,
        "max_ms": 180023.90813827515,
        "samples": [
          180023.72360229492,
          180023.90813827515
        ]
      },
      "4": {
        "mean_ms": 180024.82271194458,
        "median_ms": 180024.82271194458,
        "stdev_ms": 2.677167817411989,
        "min_ms": 180022.9296684265,
        "max_ms": 180026.71575546265,
        "samples": [
          180026.71575546265,
          180022.9296684265
        ]
      },
      "8": {
        "mean_ms": 180027.32706069946,
        "median_ms": 180027.32706069946,
        "stdev_ms": 0.6783956736313503,
        "min_ms": 180026.8473625183,
        "max_ms": 180027.80675888062,
        "samples": [
          180027.80675888062,
          180026.8473625183
        ]
      }
    },
    "pentium": {
      "1": {
        "mean_ms": 180024.8773097992,
        "median_ms": 180024.8773097992,
        "stdev_ms": 2.9236425875036973,
        "min_ms": 180022.8099822998,
        "max_ms": 180026.94463729858,
        "samples": [
          180022.8099822998,
          180026.94463729858
        ]
      },
      "2": {
        "mean_ms": 180022.2990512848,
        "median_ms": 180022.2990512848,
        "stdev_ms": 2.2644658767933143,
        "min_ms": 180020.69783210754,
        "max_ms": 180023.90027046204,
        "samples": [
          180020.69783210754,
          180023.90027046204
        ]
      },
      "4": {
        "mean_ms": 180034.32381153107,
        "median_ms": 180034.32381153107,
        "stdev_ms": 3.589394206581779,
        "min_ms": 180031.78572654724,
        "max_ms": 180036.8618965149,
        "samples": [
          180031.78572654724,
          180036.8618965149
        ]
      },
      "8": {
        "mean_ms": 180029.34789657593,
        "median_ms": 180029.34789657593,
        "stdev_ms": 5.055935947366848,
        "min_ms": 180025.7728099823,
        "max_ms": 180032.92298316956,
        "samples": [
          180025.7728099823,
          180032.92298316956
        ]
      }
    },
    "pentium2": {
      "1": {
        "mean_ms": 180023.27001094818,
        "median_ms": 180023.27001094818,
        "stdev_ms": 1.8333879102238904,
        "min_ms": 180021.97360992432,
        "max_ms": 180024.56641197205,
        "samples": [
          180021.97360992432,
          180024.56641197205
        ]
      },
      "2": {
        "mean_ms": 180025.3576040268,
        "median_ms": 180025.3576040268,
        "stdev_ms": 2.0549117459971495,
        "min_ms": 180023.90456199646,
        "max_ms": 180026.81064605713,
        "samples": [
          180023.90456199646,
          180026.81064605713
        ]
      },
      "4": {
        "mean_ms": 180022.35198020935,
        "median_ms": 180022.35198020935,
        "stdev_ms": 0.8338332509395275,
        "min_ms": 180021.76237106323,
        "max_ms": 180022.94158935547,
        "samples": [
          180021.76237106323,
          180022.94158935547
        ]
      },
      "8": {
        "mean_ms": 180029.83629703522,
        "median_ms": 180029.83629703522,
        "stdev_ms": 2.9925948316675197,
        "min_ms": 180027.7202129364,
        "max_ms": 180031.95238113403,
        "samples": [
          180027.7202129364,
          180031.95238113403
        ]
      }
    },
    "pentium3": {
      "1": {
        "mean_ms": 180024.3262052536,
        "median_ms": 180024.3262052536,
        "stdev_ms": 0.5824694464205555,
        "min_ms": 180023.9143371582,
        "max_ms": 180024.738073349,
        "samples": [
          180024.738073349,
          180023.9143371582
        ]
      },
      "2": {
        "mean_ms": 180028.85782718658,
        "median_ms": 180028.85782718658,
        "stdev_ms": 0.05546525264033655,
        "min_ms": 180028.81860733032,
        "max_ms": 180028.89704704285,
        "samples": [
          180028.81860733032,
          180028.89704704285
        ]
      },
      "4": {
        "mean_ms": 180027.83024311066,
        "median_ms": 180027.83024311066,
        "stdev_ms": 6.979012351221921,
        "min_ms": 180022.89533615112,
        "max_ms": 180032.7651500702,
        "samples": [
          180032.7651500702,
          180022.89533615112
        ]
      },
      "8": {
        "mean_ms": 180026.30507946014,
        "median_ms": 180026.30507946014,
        "stdev_ms": 0.6937371264893157,
        "min_ms": 180025.81453323364,
        "max_ms": 180026.79562568665,
        "samples": [
          180026.79562568665,
          180025.81453323364
        ]
      }
    },
    "athlon": {
      "1": {
        "mean_ms": 180025.84409713745,
        "median_ms": 180025.84409713745,
        "stdev_ms": 1.4201802074230854,
        "min_ms": 180024.83987808228,
        "max_ms": 180026.84831619263,
        "samples": [
          180026.84831619263,
          180024.83987808228
        ]
      },
      "2": {
        "mean_ms": 180027.32348442078,
        "median_ms": 180027.32348442078,
        "stdev_ms": 0.6854763441811805,
        "min_ms": 180026.83877944946,
        "max_ms": 180027.8081893921,
        "samples": [
          180026.83877944946,
          180027.8081893921
        ]
      },
      "4": {
        "mean_ms": 180034.81793403625,
        "median_ms": 180034.81793403625,
        "stdev_ms": 2.785738099176052,
        "min_ms": 180032.84811973572,
        "max_ms": 180036.7877483368,
        "samples": [
          180036.7877483368,
          180032.84811973572
        ]
      },
      "8": {
        "mean_ms": 180031.86106681824,
        "median_ms": 180031.86106681824,
        "stdev_ms": 4.2514369029909025,
        "min_ms": 180028.85484695435,
        "max_ms": 180034.86728668213,
        "samples": [
          180034.86728668213,
          180028.85484695435
        ]
      }
    }
  }
}