{
  "486": {
    "1": {
      "speedup": 1.0,
      "efficiency": 100.0,
      "boot_time_ms": 180025.26199817657
    },
    "2": {
      "speedup": 1.000008032980995,
      "efficiency": 50.00040164904975,
      "boot_time_ms": 180023.81587028503
    },
    "4": {
      "speedup": 1.0000024401425613,
      "efficiency": 25.000061003564035,
      "boot_time_ms": 180024.82271194458
    },
    "8": {
      "speedup": 0.9999885291718952,
      "efficiency": 12.49985661464869,
      "boot_time_ms": 180027.32706069946
    }
  },
  "pentium": {
    "1": {
      "speedup": 1.0,
      "efficiency": 100.0,
      "boot_time_ms": 180024.8773097992
    },
    "2": {
      "speedup": 1.0000143218841666,
      "efficiency": 50.00071609420833,
      "boot_time_ms": 180022.2990512848
    },
    "4": {
      "speedup": 0.9999475294403207,
      "efficiency": 24.998688236008018,
      "boot_time_ms": 180034.32381153107
    },
    "8": {
      "speedup": 0.9999751674555901,
      "efficiency": 12.499689593194876,
      "boot_time_ms": 180029.34789657593
    }
  },
  "pentium2": {
    "1": {
      "speedup": 1.0,
      "efficiency": 100.0,
      "boot_time_ms": 180023.27001094818
    },
    "2": {
      "speedup": 0.9999884038942825,
      "efficiency": 49.99942019471412,
      "boot_time_ms": 180025.3576040268
    },
    "4": {
      "speedup": 1.0000050995375227,
      "efficiency": 25.000127488438068,
      "boot_time_ms": 180022.35198020935
    },
    "8": {
      "speedup": 0.9999635266785657,
      "efficiency": 12.499544083482071,
      "boot_time_ms": 180029.83629703522
    }
  },
  "pentium3": {
    "1": {
      "speedup": 1.0,
      "efficiency": 100.0,
      "boot_time_ms": 180024.3262052536
    },
    "2": {
      "speedup": 0.9999748283581439,
      "efficiency": 49.9987414179072,
      "boot_time_ms": 180028.85782718658
    },
    "4": {
      "speedup": 0.9999805361323728,
      "efficiency": 24.99951340330932,
      "boot_time_ms": 180027.83024311066
    },
    "8": {
      "speedup": 0.9999890078607919,
      "efficiency": 12.499862598259899,
      "boot_time_ms": 180026.30507946014
    }
  },
  "athlon": {
    "1": {
      "speedup": 1.0,
      "efficiency": 100.0,
      "boot_time_ms": 180025.84409713745
    },
    "2": {
      "speedup": 0.999991782429163,
      "efficiency": 49.99958912145815,
      "boot_time_ms": 180027.32348442078
    },
    "4": {
      "speedup": 0.99995015499223,
      "efficiency": 24.99875387480575,
      "boot_time_ms": 180034.81793403625
    },
    "8": {
      "speedup": 0.9999665783065002,
      "efficiency": 12.499582228831251,
      "boot_time_ms": 180031.86106681824
    }
  }
}